Title,Price,Rating,Colors,Size,Gender,Timestamp
T-shirt 2,1634400.0,3.9,3,M,Women,2025-05-13T14:36:49.639243
Hoodie 3,7950080.0,4.8,3,L,Unisex,2025-05-13T14:36:49.642436
Pants 4,7476960.0,3.3,3,XL,Men,2025-05-13T14:36:49.642836
Outerwear 5,5145440.0,3.5,3,XXL,Women,2025-05-13T14:36:49.643127
Jacket 6,2453920.0,3.3,3,S,Unisex,2025-05-13T14:36:49.643494
Crewneck 7,6892000.0,4.3,3,M,Men,2025-05-13T14:36:49.643929
T-shirt 8,7802560.0,3.1,3,L,Women,2025-05-13T14:36:49.644329
Hoodie 9,3972160.0,3.2,3,XL,Unisex,2025-05-13T14:36:49.644618
Pants 10,3100160.0,4.2,3,XXL,Men,2025-05-13T14:36:49.644897
Jacket 12,8527840.0,3.9,3,M,Unisex,2025-05-13T14:36:49.645428
Crewneck 13,5447200.0,3.2,3,L,Men,2025-05-13T14:36:49.645680
T-shirt 14,3248800.0,3.8,3,XL,Women,2025-05-13T14:36:49.645936
Hoodie 15,2184160.0,3.6,3,XXL,Unisex,2025-05-13T14:36:49.646202
Outerwear 17,841600.0,3.8,3,M,Women,2025-05-13T14:36:49.646824
Jacket 18,5500000.0,3.8,3,L,Unisex,2025-05-13T14:36:49.647056
Crewneck 19,1308960.0,3.6,3,XL,Men,2025-05-13T14:36:49.647299
T-shirt 20,1325600.0,3.4,3,XXL,Women,2025-05-13T14:36:49.647532
Pants 22,4319680.0,4.9,3,M,Men,2025-05-13T14:36:50.238400
Outerwear 23,4655840.0,3.7,3,L,Women,2025-05-13T14:36:50.238607
Jacket 24,8223520.0,3.9,3,XL,Unisex,2025-05-13T14:36:50.238812
Crewneck 25,8322559.999999999,3.3,3,XXL,Men,2025-05-13T14:36:50.239027
T-shirt 26,7292320.0,4.6,3,S,Women,2025-05-13T14:36:50.239230
Hoodie 27,3551840.0,4.8,3,M,Unisex,2025-05-13T14:36:50.239862
Pants 28,5216160.0,4.0,3,L,Men,2025-05-13T14:36:50.240082
Outerwear 29,861600.0,3.1,3,XL,Women,2025-05-13T14:36:50.240310
Jacket 30,8610240.0,3.7,3,XXL,Unisex,2025-05-13T14:36:50.240597
T-shirt 32,6657920.0,3.4,3,M,Women,2025-05-13T14:36:50.241031
Hoodie 33,7248160.0,3.5,3,L,Unisex,2025-05-13T14:36:50.241267
Pants 34,8362719.999999999,3.8,3,XL,Men,2025-05-13T14:36:50.241465
Outerwear 35,1356160.0,3.8,3,XXL,Women,2025-05-13T14:36:50.241659
Jacket 36,7249280.0,3.7,3,S,Unisex,2025-05-13T14:36:50.241851
Crewneck 37,6006080.0,4.0,3,M,Men,2025-05-13T14:36:50.242053
T-shirt 38,4866080.0,3.2,3,L,Women,2025-05-13T14:36:50.242245
Hoodie 39,6431200.0,4.6,3,XL,Unisex,2025-05-13T14:36:50.242437
Pants 40,5853600.0,3.1,3,XXL,Men,2025-05-13T14:36:50.242648
Jacket 42,6744160.0,3.7,3,M,Unisex,2025-05-13T14:36:50.584656
Crewneck 43,2909600.0,4.5,3,L,Men,2025-05-13T14:36:50.584878
T-shirt 44,3312320.0,3.0,3,XL,Women,2025-05-13T14:36:50.585096
Hoodie 45,8693120.0,4.5,3,XXL,Unisex,2025-05-13T14:36:50.585321
Outerwear 47,6364640.0,3.2,3,M,Women,2025-05-13T14:36:50.585812
Jacket 48,4994720.0,3.4,3,L,Unisex,2025-05-13T14:36:50.586024
Crewneck 49,1071200.0,4.0,3,XL,Men,2025-05-13T14:36:50.586233
T-shirt 50,5932960.0,3.1,3,XXL,Women,2025-05-13T14:36:50.586452
Pants 52,1596480.0,4.0,3,M,Men,2025-05-13T14:36:50.586882
Outerwear 53,4470880.0,4.3,3,L,Women,2025-05-13T14:36:50.587089
Jacket 54,854560.0,4.2,3,XL,Unisex,2025-05-13T14:36:50.587311
Crewneck 55,1793760.0,3.6,3,XXL,Men,2025-05-13T14:36:50.587523
T-shirt 56,4643040.0,3.8,3,S,Women,2025-05-13T14:36:50.587731
Hoodie 57,3155360.0,4.9,3,M,Unisex,2025-05-13T14:36:50.587938
Pants 58,1637760.0,4.4,3,L,Men,2025-05-13T14:36:50.588148
Outerwear 59,2254240.0,4.6,3,XL,Women,2025-05-13T14:36:50.588378
Jacket 60,3375520.0,4.2,3,XXL,Unisex,2025-05-13T14:36:50.588620
T-shirt 62,1376480.0,3.8,3,M,Women,2025-05-13T14:36:50.991186
Hoodie 63,6479200.0,3.6,3,L,Unisex,2025-05-13T14:36:50.991768
Pants 64,7728480.0,4.0,3,XL,Men,2025-05-13T14:36:50.992295
Outerwear 65,2385920.0,4.1,3,XXL,Women,2025-05-13T14:36:50.992689
Jacket 66,4353120.0,3.5,3,S,Unisex,2025-05-13T14:36:50.993080
Crewneck 67,8470720.0,3.5,3,M,Men,2025-05-13T14:36:50.993440
T-shirt 68,8025280.0,4.0,3,L,Women,2025-05-13T14:36:50.993797
Hoodie 69,1027839.9999999999,3.6,3,XL,Unisex,2025-05-13T14:36:50.994372
Pants 70,1171360.0,4.4,3,XXL,Men,2025-05-13T14:36:50.994813
Jacket 72,3776000.0,4.4,3,M,Unisex,2025-05-13T14:36:50.995396
Crewneck 73,2460320.0,3.0,3,L,Men,2025-05-13T14:36:50.995651
T-shirt 74,7704800.0,3.8,3,XL,Women,2025-05-13T14:36:50.995911
Hoodie 75,2101760.0,4.3,3,XXL,Unisex,2025-05-13T14:36:50.996165
Outerwear 77,861760.0,3.7,3,M,Women,2025-05-13T14:36:50.996760
Jacket 78,2716480.0,4.3,3,L,Unisex,2025-05-13T14:36:50.997033
Crewneck 79,3309600.0,4.6,3,XL,Men,2025-05-13T14:36:50.997330
T-shirt 80,4178399.9999999995,4.5,3,XXL,Women,2025-05-13T14:36:50.997559
Pants 82,8315520.0,4.8,3,M,Men,2025-05-13T14:36:51.340145
Outerwear 83,3947840.0,3.7,3,L,Women,2025-05-13T14:36:51.340396
Jacket 84,2826080.0,4.8,3,XL,Unisex,2025-05-13T14:36:51.340658
Crewneck 85,4564160.0,3.5,3,XXL,Men,2025-05-13T14:36:51.340915
T-shirt 86,1670880.0,3.9,3,S,Women,2025-05-13T14:36:51.341161
Hoodie 87,7870240.0,4.3,3,M,Unisex,2025-05-13T14:36:51.341405
Pants 88,7590400.0,3.1,3,L,Men,2025-05-13T14:36:51.341663
Outerwear 89,4856320.0,3.0,3,XL,Women,2025-05-13T14:36:51.341903
Jacket 90,7160000.0,4.0,3,XXL,Unisex,2025-05-13T14:36:51.342144
T-shirt 92,5012320.0,3.5,3,M,Women,2025-05-13T14:36:51.343043
Hoodie 93,1365280.0,3.6,3,L,Unisex,2025-05-13T14:36:51.343305
Pants 94,1074880.0,4.3,3,XL,Men,2025-05-13T14:36:51.343558
Outerwear 95,6062240.0,3.5,3,XXL,Women,2025-05-13T14:36:51.347012
Jacket 96,4598240.0,4.9,3,S,Unisex,2025-05-13T14:36:51.347273
Crewneck 97,6113120.0,3.9,3,M,Men,2025-05-13T14:36:51.347533
T-shirt 98,8596960.0,3.1,3,L,Women,2025-05-13T14:36:51.347792
Hoodie 99,5028000.0,3.6,3,XL,Unisex,2025-05-13T14:36:51.348041
Pants 100,2217280.0,4.6,3,XXL,Men,2025-05-13T14:36:51.348283
Jacket 102,3840640.0,3.3,3,M,Unisex,2025-05-13T14:36:51.731071
Crewneck 103,2331680.0,3.5,3,L,Men,2025-05-13T14:36:51.731266
T-shirt 104,2374400.0,3.8,3,XL,Women,2025-05-13T14:36:51.731469
Hoodie 105,5019840.0,4.2,3,XXL,Unisex,2025-05-13T14:36:51.731660
Outerwear 107,6625120.0,4.0,3,M,Women,2025-05-13T14:36:51.732093
Jacket 108,5551680.0,4.8,3,L,Unisex,2025-05-13T14:36:51.732291
Crewneck 109,5886880.0,3.3,3,XL,Men,2025-05-13T14:36:51.732480
T-shirt 110,7197120.0,4.6,3,XXL,Women,2025-05-13T14:36:51.732670
Pants 112,4261920.0,3.3,3,M,Men,2025-05-13T14:36:51.733064
Outerwear 113,4472000.0,3.7,3,L,Women,2025-05-13T14:36:51.733256
Jacket 114,5386560.0,4.9,3,XL,Unisex,2025-05-13T14:36:51.733453
Crewneck 115,1933280.0,4.5,3,XXL,Men,2025-05-13T14:36:51.733642
T-shirt 116,3474560.0,3.0,3,S,Women,2025-05-13T14:36:51.733829
Hoodie 117,3376320.0,5.0,3,M,Unisex,2025-05-13T14:36:51.734015
Pants 118,5585440.0,3.2,3,L,Men,2025-05-13T14:36:51.734208
Outerwear 119,3561760.0,3.4,3,XL,Women,2025-05-13T14:36:51.734401
Jacket 120,7480320.0,4.0,3,XXL,Unisex,2025-05-13T14:36:51.734586
T-shirt 122,1961920.0,3.6,3,M,Women,2025-05-13T14:36:52.117278
Hoodie 123,4498080.0,3.8,3,L,Unisex,2025-05-13T14:36:52.117721
Pants 124,7023520.0,3.2,3,XL,Men,2025-05-13T14:36:52.117990
Outerwear 125,6998240.0,4.2,3,XXL,Women,2025-05-13T14:36:52.118304
Jacket 126,4426080.0,3.9,3,S,Unisex,2025-05-13T14:36:52.118588
Crewneck 127,8311680.0,4.0,3,M,Men,2025-05-13T14:36:52.118870
T-shirt 128,4466720.0,3.8,3,L,Women,2025-05-13T14:36:52.119204
Hoodie 129,2532480.0,4.5,3,XL,Unisex,2025-05-13T14:36:52.119508
Pants 130,6603520.0,4.8,3,XXL,Men,2025-05-13T14:36:52.119887
Jacket 132,6474880.0,4.2,3,M,Unisex,2025-05-13T14:36:52.121477
Crewneck 133,2016320.0,4.7,3,L,Men,2025-05-13T14:36:52.121901
T-shirt 134,5937440.0,3.2,3,XL,Women,2025-05-13T14:36:52.122380
Hoodie 135,5141440.0,4.7,3,XXL,Unisex,2025-05-13T14:36:52.122717
Outerwear 137,6988320.0,4.5,3,M,Women,2025-05-13T14:36:52.123485
Jacket 138,4635520.0,3.4,3,L,Unisex,2025-05-13T14:36:52.123807
Crewneck 139,8053120.0,4.5,3,XL,Men,2025-05-13T14:36:52.124119
T-shirt 140,6811040.0,3.5,3,XXL,Women,2025-05-13T14:36:52.124456
Pants 142,2325280.0,4.9,3,M,Men,2025-05-13T14:36:52.492210
Outerwear 143,3346560.0,4.9,3,L,Women,2025-05-13T14:36:52.493543
Jacket 144,5758240.0,4.3,3,XL,Unisex,2025-05-13T14:36:52.493941
Crewneck 145,3472800.0,4.8,3,XXL,Men,2025-05-13T14:36:52.494243
T-shirt 146,7688640.0,4.3,3,S,Women,2025-05-13T14:36:52.494563
Hoodie 147,3052800.0,5.0,3,M,Unisex,2025-05-13T14:36:52.494877
Pants 148,6033440.0,4.7,3,L,Men,2025-05-13T14:36:52.495233
Outerwear 149,3105920.0,3.2,3,XL,Women,2025-05-13T14:36:52.495618
Jacket 150,1500640.0,3.6,3,XXL,Unisex,2025-05-13T14:36:52.495961
T-shirt 152,6288640.0,4.2,3,M,Women,2025-05-13T14:36:52.496762
Hoodie 153,2660640.0,4.3,3,L,Unisex,2025-05-13T14:36:52.497130
Pants 154,2337440.0,3.0,3,XL,Men,2025-05-13T14:36:52.497524
Outerwear 155,3783200.0,4.1,3,XXL,Women,2025-05-13T14:36:52.497862
Jacket 156,6645120.0,3.6,3,S,Unisex,2025-05-13T14:36:52.498264
Crewneck 157,1105760.0,4.0,3,M,Men,2025-05-13T14:36:52.498659
T-shirt 158,7321120.0,4.0,3,L,Women,2025-05-13T14:36:52.499034
Hoodie 159,2371680.0,4.9,3,XL,Unisex,2025-05-13T14:36:52.499431
Pants 160,2802880.0,3.4,3,XXL,Men,2025-05-13T14:36:52.499802
Jacket 162,1543840.0,4.5,3,M,Unisex,2025-05-13T14:36:52.745562
Crewneck 163,7861920.0,4.4,3,L,Men,2025-05-13T14:36:52.745857
T-shirt 164,3512000.0,3.9,3,XL,Women,2025-05-13T14:36:52.746087
Hoodie 165,6921280.0,4.9,3,XXL,Unisex,2025-05-13T14:36:52.746310
Outerwear 167,3273760.0,3.1,3,M,Women,2025-05-13T14:36:52.746892
Jacket 168,870400.0,4.4,3,L,Unisex,2025-05-13T14:36:52.747109
Crewneck 169,8032800.0,4.7,3,XL,Men,2025-05-13T14:36:52.747324
T-shirt 170,6677920.0,4.5,3,XXL,Women,2025-05-13T14:36:52.747536
Pants 172,1566080.0,4.9,3,M,Men,2025-05-13T14:36:52.748053
Outerwear 173,7034560.0,4.6,3,L,Women,2025-05-13T14:36:52.748316
Jacket 174,6282240.0,3.3,3,XL,Unisex,2025-05-13T14:36:52.748534
Crewneck 175,8125120.0,4.5,3,XXL,Men,2025-05-13T14:36:52.748740
T-shirt 176,6104320.0,3.6,3,S,Women,2025-05-13T14:36:52.748964
Hoodie 177,1890400.0,4.6,3,M,Unisex,2025-05-13T14:36:52.749170
Pants 178,6184160.0,3.0,3,L,Men,2025-05-13T14:36:52.749375
Outerwear 179,5816640.0,3.5,3,XL,Women,2025-05-13T14:36:52.749582
Jacket 180,5552640.0,3.9,3,XXL,Unisex,2025-05-13T14:36:52.749798
T-shirt 182,2334880.0,3.8,3,M,Women,2025-05-13T14:36:54.172717
Hoodie 183,3904640.0,3.6,3,L,Unisex,2025-05-13T14:36:54.172971
Pants 184,7759520.0,4.5,3,XL,Men,2025-05-13T14:36:54.173192
Outerwear 185,7822880.0,3.2,3,XXL,Women,2025-05-13T14:36:54.173405
Jacket 186,6940480.0,4.2,3,S,Unisex,2025-05-13T14:36:54.173617
Crewneck 187,6663520.0,3.8,3,M,Men,2025-05-13T14:36:54.173965
T-shirt 188,3927840.0,4.4,3,L,Women,2025-05-13T14:36:54.174342
Hoodie 189,1946720.0,4.0,3,XL,Unisex,2025-05-13T14:36:54.174622
Pants 190,2220960.0,4.5,3,XXL,Men,2025-05-13T14:36:54.174961
Jacket 192,5066240.0,3.8,3,M,Unisex,2025-05-13T14:36:54.175454
Crewneck 193,7355680.0,4.1,3,L,Men,2025-05-13T14:36:54.175669
T-shirt 194,2818720.0,4.9,3,XL,Women,2025-05-13T14:36:54.175918
Hoodie 195,7208960.0,4.9,3,XXL,Unisex,2025-05-13T14:36:54.176133
Outerwear 197,5681600.0,4.9,3,M,Women,2025-05-13T14:36:54.176629
Jacket 198,5435040.0,4.5,3,L,Unisex,2025-05-13T14:36:54.176853
Crewneck 199,6744320.0,3.1,3,XL,Men,2025-05-13T14:36:54.177063
T-shirt 200,6289920.0,3.5,3,XXL,Women,2025-05-13T14:36:54.177268
Pants 202,5592480.0,3.3,3,M,Men,2025-05-13T14:36:54.585205
Outerwear 203,2144000.0,3.4,3,L,Women,2025-05-13T14:36:54.585780
Jacket 204,6031040.0,3.9,3,XL,Unisex,2025-05-13T14:36:54.586300
Crewneck 205,6434880.0,3.2,3,XXL,Men,2025-05-13T14:36:54.586883
T-shirt 206,4674720.0,4.5,3,S,Women,2025-05-13T14:36:54.587483
Hoodie 207,6101440.0,3.5,3,M,Unisex,2025-05-13T14:36:54.587983
Pants 208,4637600.0,3.1,3,L,Men,2025-05-13T14:36:54.588602
Outerwear 209,7980640.0,4.3,3,XL,Women,2025-05-13T14:36:54.589093
Jacket 210,7827360.0,4.7,3,XXL,Unisex,2025-05-13T14:36:54.589519
T-shirt 212,8794880.0,4.7,3,M,Women,2025-05-13T14:36:54.590399
Hoodie 213,5748000.0,3.6,3,L,Unisex,2025-05-13T14:36:54.590838
Pants 214,4315680.0,4.9,3,XL,Men,2025-05-13T14:36:54.591389
Outerwear 215,1449600.0,3.8,3,XXL,Women,2025-05-13T14:36:54.591930
Jacket 216,4576480.0,4.6,3,S,Unisex,2025-05-13T14:36:54.592539
Crewneck 217,5772960.0,4.8,3,M,Men,2025-05-13T14:36:54.592921
T-shirt 218,5600320.0,3.1,3,L,Women,2025-05-13T14:36:54.593340
Hoodie 219,5671040.0,4.6,3,XL,Unisex,2025-05-13T14:36:54.593953
Pants 220,3357600.0,3.2,3,XXL,Men,2025-05-13T14:36:54.594519
Jacket 222,7438080.0,3.4,3,M,Unisex,2025-05-13T14:36:54.998008
Crewneck 223,952960.0,4.8,3,L,Men,2025-05-13T14:36:54.998205
T-shirt 224,3534560.0,4.5,3,XL,Women,2025-05-13T14:36:54.998398
Hoodie 225,5232800.0,3.5,3,XXL,Unisex,2025-05-13T14:36:54.998601
Outerwear 227,6742560.0,4.8,3,M,Women,2025-05-13T14:36:54.999036
Jacket 228,8076800.0,4.5,3,L,Unisex,2025-05-13T14:36:54.999223
Crewneck 229,3101920.0,4.9,3,XL,Men,2025-05-13T14:36:54.999413
T-shirt 230,7133280.0,4.5,3,XXL,Women,2025-05-13T14:36:54.999608
Pants 232,8327360.000000001,4.0,3,M,Men,2025-05-13T14:36:54.999979
Outerwear 233,847360.0,4.8,3,L,Women,2025-05-13T14:36:55.000167
Jacket 234,1159200.0,4.5,3,XL,Unisex,2025-05-13T14:36:55.000357
Crewneck 235,6560320.0,3.4,3,XXL,Men,2025-05-13T14:36:55.000607
T-shirt 236,5492320.0,3.9,3,S,Women,2025-05-13T14:36:55.000849
Hoodie 237,4743520.0,3.1,3,M,Unisex,2025-05-13T14:36:55.001048
Pants 238,8301920.0,3.8,3,L,Men,2025-05-13T14:36:55.001238
Outerwear 239,7934080.0,3.1,3,XL,Women,2025-05-13T14:36:55.001427
Jacket 240,7600000.0,3.8,3,XXL,Unisex,2025-05-13T14:36:55.001631
T-shirt 242,4833600.0,3.4,3,M,Women,2025-05-13T14:36:56.612360
Hoodie 243,3371680.0,3.1,3,L,Unisex,2025-05-13T14:36:56.612790
Pants 244,8116160.0,3.1,3,XL,Men,2025-05-13T14:36:56.613182
Outerwear 245,1451680.0,4.0,3,XXL,Women,2025-05-13T14:36:56.613555
Jacket 246,8735040.0,3.1,3,S,Unisex,2025-05-13T14:36:56.613974
Crewneck 247,8769120.0,3.0,3,M,Men,2025-05-13T14:36:56.618299
T-shirt 248,2280000.0,4.5,3,L,Women,2025-05-13T14:36:56.618734
Hoodie 249,2149440.0,4.2,3,XL,Unisex,2025-05-13T14:36:56.620404
Pants 250,4314240.0,3.1,3,XXL,Men,2025-05-13T14:36:56.620741
Jacket 252,8408480.0,3.2,3,M,Unisex,2025-05-13T14:36:56.621313
Crewneck 253,1854720.0,3.9,3,L,Men,2025-05-13T14:36:56.621586
T-shirt 254,5984160.0,3.9,3,XL,Women,2025-05-13T14:36:56.621912
Hoodie 255,3668000.0,4.1,3,XXL,Unisex,2025-05-13T14:36:56.622176
Outerwear 257,7073120.0,5.0,3,M,Women,2025-05-13T14:36:56.623171
Jacket 258,2080639.9999999998,4.7,3,L,Unisex,2025-05-13T14:36:56.623544
Crewneck 259,2275520.0,3.3,3,XL,Men,2025-05-13T14:36:56.623829
T-shirt 260,6271520.0,3.5,3,XXL,Women,2025-05-13T14:36:56.624111
Pants 262,1097760.0,3.4,3,M,Men,2025-05-13T14:36:56.933301
Outerwear 263,1878400.0,4.2,3,L,Women,2025-05-13T14:36:56.933678
Jacket 264,2063040.0,4.8,3,XL,Unisex,2025-05-13T14:36:56.933957
Crewneck 265,2483040.0,3.5,3,XXL,Men,2025-05-13T14:36:56.934253
T-shirt 266,4842080.0,4.6,3,S,Women,2025-05-13T14:36:56.934708
Hoodie 267,4086240.0,4.3,3,M,Unisex,2025-05-13T14:36:56.935030
Pants 268,5005120.0,3.6,3,L,Men,2025-05-13T14:36:56.935327
Outerwear 269,8073920.0,3.1,3,XL,Women,2025-05-13T14:36:56.935612
Jacket 270,2569120.0,4.2,3,XXL,Unisex,2025-05-13T14:36:56.935881
T-shirt 272,5811840.0,3.3,3,M,Women,2025-05-13T14:36:56.936498
Hoodie 273,5291360.0,4.9,3,L,Unisex,2025-05-13T14:36:56.936870
Pants 274,3669280.0,4.2,3,XL,Men,2025-05-13T14:36:56.937374
Outerwear 275,5575360.0,4.8,3,XXL,Women,2025-05-13T14:36:56.937659
Jacket 276,1013600.0,4.3,3,S,Unisex,2025-05-13T14:36:56.937886
Crewneck 277,2383680.0,4.7,3,M,Men,2025-05-13T14:36:56.938123
T-shirt 278,2087360.0000000002,3.8,3,L,Women,2025-05-13T14:36:56.938339
Hoodie 279,5592320.0,4.7,3,XL,Unisex,2025-05-13T14:36:56.938552
Pants 280,7501440.0,3.9,3,XXL,Men,2025-05-13T14:36:56.938764
Jacket 282,2227040.0,3.0,3,M,Unisex,2025-05-13T14:36:57.479765
Crewneck 283,6633120.0,3.2,3,L,Men,2025-05-13T14:36:57.480070
T-shirt 284,6568000.0,3.6,3,XL,Women,2025-05-13T14:36:57.480633
Hoodie 285,3009120.0,3.2,3,XXL,Unisex,2025-05-13T14:36:57.495884
Outerwear 287,5273600.0,3.7,3,M,Women,2025-05-13T14:36:57.496818
Jacket 288,3123040.0,4.1,3,L,Unisex,2025-05-13T14:36:57.523213
Crewneck 289,888000.0,4.0,3,XL,Men,2025-05-13T14:36:57.523641
T-shirt 290,6425120.0,4.2,3,XXL,Women,2025-05-13T14:36:57.523935
Pants 292,2384480.0,3.9,3,M,Men,2025-05-13T14:36:57.524517
Outerwear 293,1176160.0,4.5,3,L,Women,2025-05-13T14:36:57.524797
Jacket 294,5947200.0,3.8,3,XL,Unisex,2025-05-13T14:36:57.525104
Crewneck 295,7266720.0,4.9,3,XXL,Men,2025-05-13T14:36:57.525417
T-shirt 296,1172160.0,3.1,3,S,Women,2025-05-13T14:36:57.525716
Hoodie 297,7801120.0,3.6,3,M,Unisex,2025-05-13T14:36:57.527307
Pants 298,2426080.0,4.8,3,L,Men,2025-05-13T14:36:57.527818
Outerwear 299,1947840.0,4.3,3,XL,Women,2025-05-13T14:36:57.528983
Jacket 300,6408480.0,4.0,3,XXL,Unisex,2025-05-13T14:36:57.529437
T-shirt 302,5711200.0,3.2,3,M,Women,2025-05-13T14:36:58.077349
Hoodie 303,7974560.0,4.1,3,L,Unisex,2025-05-13T14:36:58.077734
Pants 304,7129760.0,3.4,3,XL,Men,2025-05-13T14:36:58.078028
Outerwear 305,6325440.0,4.5,3,XXL,Women,2025-05-13T14:36:58.078333
Jacket 306,7575040.0,4.2,3,S,Unisex,2025-05-13T14:36:58.078695
Crewneck 307,7735200.0,3.7,3,M,Men,2025-05-13T14:36:58.079012
T-shirt 308,4086080.0,4.1,3,L,Women,2025-05-13T14:36:58.079341
Hoodie 309,3953120.0,4.8,3,XL,Unisex,2025-05-13T14:36:58.079660
Pants 310,6329280.0,4.7,3,XXL,Men,2025-05-13T14:36:58.079993
Jacket 312,7267040.0,3.8,3,M,Unisex,2025-05-13T14:36:58.080640
Crewneck 313,1948320.0,3.1,3,L,Men,2025-05-13T14:36:58.082685
T-shirt 314,6017120.0,3.2,3,XL,Women,2025-05-13T14:36:58.083942
Hoodie 315,7022880.0,3.1,3,XXL,Unisex,2025-05-13T14:36:58.084354
Outerwear 317,5259040.0,3.3,3,M,Women,2025-05-13T14:36:58.085517
Jacket 318,5667200.0,3.7,3,L,Unisex,2025-05-13T14:36:58.086023
Crewneck 319,3085920.0,3.3,3,XL,Men,2025-05-13T14:36:58.086407
T-shirt 320,829440.0,3.3,3,XXL,Women,2025-05-13T14:36:58.086855
Pants 322,7810400.0,3.2,3,M,Men,2025-05-13T14:36:58.462136
Outerwear 323,8468000.0,3.1,3,L,Women,2025-05-13T14:36:58.462438
Jacket 324,6082720.0,3.3,3,XL,Unisex,2025-05-13T14:36:58.463619
Crewneck 325,3001760.0,3.4,3,XXL,Men,2025-05-13T14:36:58.463982
T-shirt 326,4519360.0,4.9,3,S,Women,2025-05-13T14:36:58.465143
Hoodie 327,6641440.0,4.4,3,M,Unisex,2025-05-13T14:36:58.465605
Pants 328,5732960.0,4.5,3,L,Men,2025-05-13T14:36:58.465889
Outerwear 329,6724160.0,4.7,3,XL,Women,2025-05-13T14:36:58.466164
Jacket 330,1591200.0,4.3,3,XXL,Unisex,2025-05-13T14:36:58.466455
T-shirt 332,2335680.0,3.4,3,M,Women,2025-05-13T14:36:58.468399
Hoodie 333,1746080.0,4.8,3,L,Unisex,2025-05-13T14:36:58.468735
Pants 334,2409440.0,3.8,3,XL,Men,2025-05-13T14:36:58.469030
Outerwear 335,2826720.0,3.0,3,XXL,Women,2025-05-13T14:36:58.469377
Jacket 336,6237760.0,5.0,3,S,Unisex,2025-05-13T14:36:58.469690
Crewneck 337,8608800.0,4.3,3,M,Men,2025-05-13T14:36:58.469990
T-shirt 338,2883360.0,3.9,3,L,Women,2025-05-13T14:36:58.470314
Hoodie 339,4424800.0,4.9,3,XL,Unisex,2025-05-13T14:36:58.470627
Pants 340,5975200.0,4.3,3,XXL,Men,2025-05-13T14:36:58.470928
Jacket 342,1827680.0,4.8,3,M,Unisex,2025-05-13T14:37:00.049215
Crewneck 343,2279040.0,4.1,3,L,Men,2025-05-13T14:37:00.050018
T-shirt 344,3415680.0,4.5,3,XL,Women,2025-05-13T14:37:00.050845
Hoodie 345,7577440.0,3.3,3,XXL,Unisex,2025-05-13T14:37:00.051365
Outerwear 347,6986080.0,4.7,3,M,Women,2025-05-13T14:37:00.052314
Jacket 348,3195040.0,4.6,3,L,Unisex,2025-05-13T14:37:00.052762
Crewneck 349,6085600.0,3.5,3,XL,Men,2025-05-13T14:37:00.053203
T-shirt 350,8047680.0,5.0,3,XXL,Women,2025-05-13T14:37:00.053626
Pants 352,2838880.0,4.0,3,M,Men,2025-05-13T14:37:00.054532
Outerwear 353,961600.0,3.6,3,L,Women,2025-05-13T14:37:00.054958
Jacket 354,2294720.0,3.8,3,XL,Unisex,2025-05-13T14:37:00.055350
Crewneck 355,4246560.0,3.2,3,XXL,Men,2025-05-13T14:37:00.055946
T-shirt 356,7150080.0,4.3,3,S,Women,2025-05-13T14:37:00.056438
Hoodie 357,3739360.0,3.6,3,M,Unisex,2025-05-13T14:37:00.057049
Pants 358,8479520.0,3.9,3,L,Men,2025-05-13T14:37:00.057443
Outerwear 359,1696480.0,4.3,3,XL,Women,2025-05-13T14:37:00.057921
Jacket 360,8788320.0,4.8,3,XXL,Unisex,2025-05-13T14:37:00.058269
T-shirt 362,4776800.0,5.0,3,M,Women,2025-05-13T14:37:01.369799
Hoodie 363,1171360.0,3.2,3,L,Unisex,2025-05-13T14:37:01.370090
Pants 364,4972800.0,4.8,3,XL,Men,2025-05-13T14:37:01.370389
Outerwear 365,6956480.0,4.5,3,XXL,Women,2025-05-13T14:37:01.370668
Jacket 366,5854880.0,4.9,3,S,Unisex,2025-05-13T14:37:01.371850
Crewneck 367,8359360.000000001,4.9,3,M,Men,2025-05-13T14:37:01.372204
T-shirt 368,965120.0,3.2,3,L,Women,2025-05-13T14:37:01.372502
Hoodie 369,7204960.0,4.7,3,XL,Unisex,2025-05-13T14:37:01.372798
Pants 370,4559680.0,3.6,3,XXL,Men,2025-05-13T14:37:01.373095
Jacket 372,5052960.0,3.6,3,M,Unisex,2025-05-13T14:37:01.373682
Crewneck 373,2231040.0,3.6,3,L,Men,2025-05-13T14:37:01.373963
T-shirt 374,7697120.0,3.9,3,XL,Women,2025-05-13T14:37:01.374247
Hoodie 375,7027520.0,3.9,3,XXL,Unisex,2025-05-13T14:37:01.374537
Outerwear 377,6802080.0,4.8,3,M,Women,2025-05-13T14:37:01.375589
Jacket 378,3402400.0,3.6,3,L,Unisex,2025-05-13T14:37:01.375857
Crewneck 379,3963200.0,4.4,3,XL,Men,2025-05-13T14:37:01.376120
T-shirt 380,2547040.0,3.8,3,XXL,Women,2025-05-13T14:37:01.376383
Pants 382,1356160.0,4.4,3,M,Men,2025-05-13T14:37:02.268485
Outerwear 383,3431040.0,3.4,3,L,Women,2025-05-13T14:37:02.268769
Jacket 384,1452960.0,3.3,3,XL,Unisex,2025-05-13T14:37:02.269045
Crewneck 385,7950720.0,4.9,3,XXL,Men,2025-05-13T14:37:02.269322
T-shirt 386,4793600.0,4.6,3,S,Women,2025-05-13T14:37:02.269590
Hoodie 387,8418080.0,4.2,3,M,Unisex,2025-05-13T14:37:02.269856
Pants 388,931200.0,3.1,3,L,Men,2025-05-13T14:37:02.270127
Outerwear 389,2883200.0,5.0,3,XL,Women,2025-05-13T14:37:02.270394
Jacket 390,5432960.0,3.3,3,XXL,Unisex,2025-05-13T14:37:02.270664
T-shirt 392,1226080.0,4.4,3,M,Women,2025-05-13T14:37:02.271193
Hoodie 393,4068480.0,3.2,3,L,Unisex,2025-05-13T14:37:02.271457
Pants 394,3540000.0,3.3,3,XL,Men,2025-05-13T14:37:02.271727
Outerwear 395,3098720.0,4.0,3,XXL,Women,2025-05-13T14:37:02.271992
Jacket 396,2505280.0,3.9,3,S,Unisex,2025-05-13T14:37:02.272254
Crewneck 397,855360.0,3.6,3,M,Men,2025-05-13T14:37:02.272520
T-shirt 398,4592800.0,4.7,3,L,Women,2025-05-13T14:37:02.272775
Hoodie 399,2523520.0,3.6,3,XL,Unisex,2025-05-13T14:37:02.273038
Pants 400,6020640.0,4.7,3,XXL,Men,2025-05-13T14:37:02.273303
Jacket 402,2029120.0,4.6,3,M,Unisex,2025-05-13T14:37:02.904835
Crewneck 403,1580320.0,4.1,3,L,Men,2025-05-13T14:37:02.905148
T-shirt 404,3501120.0,4.9,3,XL,Women,2025-05-13T14:37:02.905466
Hoodie 405,5080160.0,3.8,3,XXL,Unisex,2025-05-13T14:37:02.905808
Outerwear 407,2761280.0,3.7,3,M,Women,2025-05-13T14:37:02.906560
Jacket 408,4176000.0,4.9,3,L,Unisex,2025-05-13T14:37:02.906884
Crewneck 409,3221760.0,3.5,3,XL,Men,2025-05-13T14:37:02.907208
T-shirt 410,1586720.0,3.1,3,XXL,Women,2025-05-13T14:37:02.907529
Pants 412,5438240.0,4.4,3,M,Men,2025-05-13T14:37:02.908171
Outerwear 413,1306400.0,3.4,3,L,Women,2025-05-13T14:37:02.908510
Jacket 414,2234720.0,3.7,3,XL,Unisex,2025-05-13T14:37:02.908835
Crewneck 415,3617440.0,3.1,3,XXL,Men,2025-05-13T14:37:02.909152
T-shirt 416,4454080.0,3.1,3,S,Women,2025-05-13T14:37:02.909470
Hoodie 417,2769440.0,4.6,3,M,Unisex,2025-05-13T14:37:02.909786
Pants 418,6307840.0,5.0,3,L,Men,2025-05-13T14:37:02.910104
Outerwear 419,7004000.0,5.0,3,XL,Women,2025-05-13T14:37:02.910424
Jacket 420,2472640.0,3.1,3,XXL,Unisex,2025-05-13T14:37:02.910745
T-shirt 422,924320.0,3.9,3,M,Women,2025-05-13T14:37:03.309525
Hoodie 423,4601760.0,3.7,3,L,Unisex,2025-05-13T14:37:03.309998
Pants 424,3865760.0,4.4,3,XL,Men,2025-05-13T14:37:03.310599
Outerwear 425,2528480.0,4.8,3,XXL,Women,2025-05-13T14:37:03.311008
Jacket 426,3462400.0,3.4,3,S,Unisex,2025-05-13T14:37:03.311454
Crewneck 427,6375200.0,3.3,3,M,Men,2025-05-13T14:37:03.311919
T-shirt 428,7053120.0,4.9,3,L,Women,2025-05-13T14:37:03.312399
Hoodie 429,1658560.0,4.9,3,XL,Unisex,2025-05-13T14:37:03.312817
Pants 430,1442080.0,3.9,3,XXL,Men,2025-05-13T14:37:03.313378
Jacket 432,2151840.0,4.5,3,M,Unisex,2025-05-13T14:37:03.315925
Crewneck 433,3872480.0,4.2,3,L,Men,2025-05-13T14:37:03.316371
T-shirt 434,6557120.0,4.9,3,XL,Women,2025-05-13T14:37:03.316775
Hoodie 435,1015680.0,4.0,3,XXL,Unisex,2025-05-13T14:37:03.317132
Outerwear 437,1016800.0,3.9,3,M,Women,2025-05-13T14:37:03.318030
Jacket 438,2453120.0,4.5,3,L,Unisex,2025-05-13T14:37:03.318555
Crewneck 439,4005440.0,3.2,3,XL,Men,2025-05-13T14:37:03.318976
T-shirt 440,5326080.0,3.0,3,XXL,Women,2025-05-13T14:37:03.319408
Pants 442,4701600.0,4.3,3,M,Men,2025-05-13T14:37:03.674309
Outerwear 443,7262720.0,4.2,3,L,Women,2025-05-13T14:37:03.674686
Jacket 444,4016960.0,3.3,3,XL,Unisex,2025-05-13T14:37:03.675919
Crewneck 445,3574240.0,4.5,3,XXL,Men,2025-05-13T14:37:03.676405
T-shirt 446,7740160.0,3.2,3,S,Women,2025-05-13T14:37:03.676787
Hoodie 447,4748640.0,4.0,3,M,Unisex,2025-05-13T14:37:03.677160
Pants 448,820160.0,4.4,3,L,Men,2025-05-13T14:37:03.677547
Outerwear 449,6410080.0,4.0,3,XL,Women,2025-05-13T14:37:03.677910
Jacket 450,8754880.0,3.1,3,XXL,Unisex,2025-05-13T14:37:03.678289
T-shirt 452,6892800.0,4.4,3,M,Women,2025-05-13T14:37:03.679466
Hoodie 453,6576960.0,4.2,3,L,Unisex,2025-05-13T14:37:03.679863
Pants 454,2179520.0,5.0,3,XL,Men,2025-05-13T14:37:03.680178
Outerwear 455,1094080.0,4.8,3,XXL,Women,2025-05-13T14:37:03.680497
Jacket 456,8096000.0,4.1,3,S,Unisex,2025-05-13T14:37:03.681636
Crewneck 457,7342880.0,4.8,3,M,Men,2025-05-13T14:37:03.682050
T-shirt 458,4240000.0,4.4,3,L,Women,2025-05-13T14:37:03.682390
Hoodie 459,3237280.0,3.5,3,XL,Unisex,2025-05-13T14:37:03.682734
Pants 460,1880800.0,3.6,3,XXL,Men,2025-05-13T14:37:03.684909
Jacket 462,6767840.0,4.5,3,M,Unisex,2025-05-13T14:37:04.227749
Crewneck 463,7539520.0,4.5,3,L,Men,2025-05-13T14:37:04.228280
T-shirt 464,6070080.0,4.5,3,XL,Women,2025-05-13T14:37:04.228753
Hoodie 465,6164320.0,4.7,3,XXL,Unisex,2025-05-13T14:37:04.229137
Outerwear 467,1325920.0,3.5,3,M,Women,2025-05-13T14:37:04.229883
Jacket 468,4584960.0,3.7,3,L,Unisex,2025-05-13T14:37:04.230183
Crewneck 469,1738880.0,4.2,3,XL,Men,2025-05-13T14:37:04.230484
T-shirt 470,7738880.0,3.1,3,XXL,Women,2025-05-13T14:37:04.233241
Pants 472,3902080.0,3.1,3,M,Men,2025-05-13T14:37:04.233914
Outerwear 473,5478080.0,4.2,3,L,Women,2025-05-13T14:37:04.234221
Jacket 474,5864960.0,4.7,3,XL,Unisex,2025-05-13T14:37:04.234547
Crewneck 475,7017280.0,4.6,3,XXL,Men,2025-05-13T14:37:04.235454
T-shirt 476,3986240.0,4.3,3,S,Women,2025-05-13T14:37:04.236305
Hoodie 477,6626080.0,4.2,3,M,Unisex,2025-05-13T14:37:04.236709
Pants 478,4912000.0,3.8,3,L,Men,2025-05-13T14:37:04.239071
Outerwear 479,7302400.0,4.4,3,XL,Women,2025-05-13T14:37:04.246765
Jacket 480,4986240.0,4.2,3,XXL,Unisex,2025-05-13T14:37:04.252013
T-shirt 482,3352480.0,4.8,3,M,Women,2025-05-13T14:37:04.688268
Hoodie 483,4035040.0,4.2,3,L,Unisex,2025-05-13T14:37:04.688616
Pants 484,6428640.0,4.1,3,XL,Men,2025-05-13T14:37:04.689076
Outerwear 485,4044480.0,4.7,3,XXL,Women,2025-05-13T14:37:04.689548
Jacket 486,2573760.0,3.0,3,S,Unisex,2025-05-13T14:37:04.689998
Crewneck 487,6955520.0,3.7,3,M,Men,2025-05-13T14:37:04.690589
T-shirt 488,8789760.0,3.8,3,L,Women,2025-05-13T14:37:04.692131
Hoodie 489,3554560.0,5.0,3,XL,Unisex,2025-05-13T14:37:04.692766
Pants 490,7081600.0,3.1,3,XXL,Men,2025-05-13T14:37:04.693430
Jacket 492,6011840.0,3.0,3,M,Unisex,2025-05-13T14:37:04.694107
Crewneck 493,5071520.0,4.8,3,L,Men,2025-05-13T14:37:04.694426
T-shirt 494,1390080.0,3.4,3,XL,Women,2025-05-13T14:37:04.694866
Hoodie 495,1663200.0,4.5,3,XXL,Unisex,2025-05-13T14:37:04.695214
Outerwear 497,3957760.0,4.4,3,M,Women,2025-05-13T14:37:04.695974
Jacket 498,4412800.0,4.6,3,L,Unisex,2025-05-13T14:37:04.696287
Crewneck 499,7825920.0,4.1,3,XL,Men,2025-05-13T14:37:04.696635
T-shirt 500,8114400.0,4.2,3,XXL,Women,2025-05-13T14:37:04.696965
Pants 502,7132480.0,4.4,3,M,Men,2025-05-13T14:37:05.063391
Outerwear 503,4924480.0,4.8,3,L,Women,2025-05-13T14:37:05.063713
Jacket 504,8024480.0,5.0,3,XL,Unisex,2025-05-13T14:37:05.066984
Crewneck 505,8747680.0,4.3,3,XXL,Men,2025-05-13T14:37:05.067346
T-shirt 506,8572000.0,3.6,3,S,Women,2025-05-13T14:37:05.067676
Hoodie 507,6844000.0,4.7,3,M,Unisex,2025-05-13T14:37:05.068089
Pants 508,7766080.0,3.5,3,L,Men,2025-05-13T14:37:05.068398
Outerwear 509,7178400.0,3.1,3,XL,Women,2025-05-13T14:37:05.068707
Jacket 510,1562080.0,3.4,3,XXL,Unisex,2025-05-13T14:37:05.069037
T-shirt 512,4319680.0,3.7,3,M,Women,2025-05-13T14:37:05.069642
Hoodie 513,1693760.0,4.4,3,L,Unisex,2025-05-13T14:37:05.069974
Pants 514,6888960.0,3.9,3,XL,Men,2025-05-13T14:37:05.070272
Outerwear 515,7262560.0,3.1,3,XXL,Women,2025-05-13T14:37:05.070584
Jacket 516,7130720.0,3.4,3,S,Unisex,2025-05-13T14:37:05.079789
Crewneck 517,1069280.0,3.5,3,M,Men,2025-05-13T14:37:05.080198
T-shirt 518,2575680.0,4.1,3,L,Women,2025-05-13T14:37:05.080516
Hoodie 519,2236160.0,4.5,3,XL,Unisex,2025-05-13T14:37:05.082889
Pants 520,2308320.0,3.8,3,XXL,Men,2025-05-13T14:37:05.084697
Jacket 522,6292960.0,4.0,3,M,Unisex,2025-05-13T14:37:05.591060
Crewneck 523,3626720.0,4.6,3,L,Men,2025-05-13T14:37:05.591482
T-shirt 524,936000.0,3.8,3,XL,Women,2025-05-13T14:37:05.591886
Hoodie 525,7919040.0,3.6,3,XXL,Unisex,2025-05-13T14:37:05.592262
Outerwear 527,4669280.0,3.6,3,M,Women,2025-05-13T14:37:05.593116
Jacket 528,5595840.0,4.0,3,L,Unisex,2025-05-13T14:37:05.593483
Crewneck 529,1420160.0,3.2,3,XL,Men,2025-05-13T14:37:05.593866
T-shirt 530,6173760.0,3.3,3,XXL,Women,2025-05-13T14:37:05.594287
Pants 532,8391200.0,4.1,3,M,Men,2025-05-13T14:37:05.595338
Outerwear 533,3370240.0,4.2,3,L,Women,2025-05-13T14:37:05.596111
Jacket 534,3479200.0,3.7,3,XL,Unisex,2025-05-13T14:37:05.600148
Crewneck 535,3901280.0,3.7,3,XXL,Men,2025-05-13T14:37:05.600497
T-shirt 536,5092480.0,3.0,3,S,Women,2025-05-13T14:37:05.600930
Hoodie 537,8671840.0,3.1,3,M,Unisex,2025-05-13T14:37:05.601216
Pants 538,6134240.0,3.4,3,L,Men,2025-05-13T14:37:05.601497
Outerwear 539,4692640.0,4.7,3,XL,Women,2025-05-13T14:37:05.601930
Jacket 540,7051840.0,4.4,3,XXL,Unisex,2025-05-13T14:37:05.602400
T-shirt 542,4761440.0,3.5,3,M,Women,2025-05-13T14:37:06.052406
Hoodie 543,8715680.0,4.7,3,L,Unisex,2025-05-13T14:37:06.052716
Pants 544,5957760.0,3.1,3,XL,Men,2025-05-13T14:37:06.053040
Outerwear 545,3579360.0,4.0,3,XXL,Women,2025-05-13T14:37:06.053394
Jacket 546,6271520.0,3.3,3,S,Unisex,2025-05-13T14:37:06.053714
Crewneck 547,5361120.0,3.9,3,M,Men,2025-05-13T14:37:06.054025
T-shirt 548,2686240.0,4.6,3,L,Women,2025-05-13T14:37:06.054379
Hoodie 549,2687200.0,3.7,3,XL,Unisex,2025-05-13T14:37:06.054866
Pants 550,4450080.0,4.9,3,XXL,Men,2025-05-13T14:37:06.055212
Jacket 552,5380320.0,4.1,3,M,Unisex,2025-05-13T14:37:06.055835
Crewneck 553,7760800.0,3.8,3,L,Men,2025-05-13T14:37:06.056150
T-shirt 554,4001120.0,4.5,3,XL,Women,2025-05-13T14:37:06.056520
Hoodie 555,1809600.0,3.0,3,XXL,Unisex,2025-05-13T14:37:06.056851
Outerwear 557,5460480.0,3.4,3,M,Women,2025-05-13T14:37:06.057598
Jacket 558,5007040.0,4.0,3,L,Unisex,2025-05-13T14:37:06.057911
Crewneck 559,1590880.0,3.5,3,XL,Men,2025-05-13T14:37:06.058240
T-shirt 560,6885280.0,4.2,3,XXL,Women,2025-05-13T14:37:06.058571
Pants 562,3724160.0,4.5,3,M,Men,2025-05-13T14:37:06.574639
Outerwear 563,8197440.000000001,4.7,3,L,Women,2025-05-13T14:37:06.574912
Jacket 564,8319200.000000001,4.3,3,XL,Unisex,2025-05-13T14:37:06.575195
Crewneck 565,7635200.0,3.5,3,XXL,Men,2025-05-13T14:37:06.575469
T-shirt 566,2611360.0,4.6,3,S,Women,2025-05-13T14:37:06.575766
Hoodie 567,4576160.0,3.2,3,M,Unisex,2025-05-13T14:37:06.576070
Pants 568,2984160.0,3.3,3,L,Men,2025-05-13T14:37:06.576383
Outerwear 569,4966880.0,4.7,3,XL,Women,2025-05-13T14:37:06.576675
Jacket 570,4000960.0,3.9,3,XXL,Unisex,2025-05-13T14:37:06.576984
T-shirt 572,4756320.0,3.2,3,M,Women,2025-05-13T14:37:06.577595
Hoodie 573,6954080.0,4.5,3,L,Unisex,2025-05-13T14:37:06.577903
Pants 574,2424000.0,3.8,3,XL,Men,2025-05-13T14:37:06.578210
Outerwear 575,3517760.0,3.4,3,XXL,Women,2025-05-13T14:37:06.578516
Jacket 576,805600.0,3.5,3,S,Unisex,2025-05-13T14:37:06.578828
Crewneck 577,7873920.0,3.3,3,M,Men,2025-05-13T14:37:06.579137
T-shirt 578,7958880.0,4.1,3,L,Women,2025-05-13T14:37:06.579429
Hoodie 579,4428640.0,4.4,3,XL,Unisex,2025-05-13T14:37:06.579735
Pants 580,2625440.0,3.3,3,XXL,Men,2025-05-13T14:37:06.580184
Jacket 582,4112160.0,4.1,3,M,Unisex,2025-05-13T14:37:07.335242
Crewneck 583,5737760.0,4.5,3,L,Men,2025-05-13T14:37:07.338615
T-shirt 584,6964960.0,4.8,3,XL,Women,2025-05-13T14:37:07.341473
Hoodie 585,6186880.0,4.9,3,XXL,Unisex,2025-05-13T14:37:07.341821
Outerwear 587,4424960.0,4.4,3,M,Women,2025-05-13T14:37:07.346354
Jacket 588,4963040.0,4.7,3,L,Unisex,2025-05-13T14:37:07.346692
Crewneck 589,931840.0,4.7,3,XL,Men,2025-05-13T14:37:07.358392
T-shirt 590,6457120.0,3.9,3,XXL,Women,2025-05-13T14:37:07.358861
Pants 592,6805440.0,4.3,3,M,Men,2025-05-13T14:37:07.359674
Outerwear 593,7163840.0,3.9,3,L,Women,2025-05-13T14:37:07.359987
Jacket 594,8707680.0,4.2,3,XL,Unisex,2025-05-13T14:37:07.360304
Crewneck 595,3723840.0,3.5,3,XXL,Men,2025-05-13T14:37:07.360605
T-shirt 596,8290400.0,4.4,3,S,Women,2025-05-13T14:37:07.360910
Hoodie 597,7969440.0,3.3,3,M,Unisex,2025-05-13T14:37:07.361235
Pants 598,4714080.0,4.1,3,L,Men,2025-05-13T14:37:07.361534
Outerwear 599,1179040.0,3.3,3,XL,Women,2025-05-13T14:37:07.361849
Jacket 600,6414080.0,3.0,3,XXL,Unisex,2025-05-13T14:37:07.362167
T-shirt 602,2260960.0,4.4,3,M,Women,2025-05-13T14:37:07.849844
Hoodie 603,7511520.0,3.1,3,L,Unisex,2025-05-13T14:37:07.850477
Pants 604,7662240.0,4.3,3,XL,Men,2025-05-13T14:37:07.850697
Outerwear 605,1710720.0,3.7,3,XXL,Women,2025-05-13T14:37:07.850907
Jacket 606,5770720.0,4.6,3,S,Unisex,2025-05-13T14:37:07.851332
Crewneck 607,3857600.0,3.1,3,M,Men,2025-05-13T14:37:07.851700
T-shirt 608,7047840.0,4.6,3,L,Women,2025-05-13T14:37:07.852067
Hoodie 609,2956320.0,4.1,3,XL,Unisex,2025-05-13T14:37:07.852343
Pants 610,4515360.0,3.3,3,XXL,Men,2025-05-13T14:37:07.852631
Jacket 612,3202720.0,3.1,3,M,Unisex,2025-05-13T14:37:07.853182
Crewneck 613,1013920.0,3.6,3,L,Men,2025-05-13T14:37:07.853454
T-shirt 614,2428160.0,3.1,3,XL,Women,2025-05-13T14:37:07.853708
Hoodie 615,4798720.0,4.8,3,XXL,Unisex,2025-05-13T14:37:07.854002
Outerwear 617,1765920.0,4.3,3,M,Women,2025-05-13T14:37:07.854621
Jacket 618,6474080.0,3.3,3,L,Unisex,2025-05-13T14:37:07.856006
Crewneck 619,8340639.999999999,4.4,3,XL,Men,2025-05-13T14:37:07.856300
T-shirt 620,2270240.0,3.3,3,XXL,Women,2025-05-13T14:37:07.856755
Pants 622,4849600.0,3.5,3,M,Men,2025-05-13T14:37:08.234433
Outerwear 623,7299520.0,4.6,3,L,Women,2025-05-13T14:37:08.235585
Jacket 624,6943200.0,3.9,3,XL,Unisex,2025-05-13T14:37:08.236382
Crewneck 625,7826400.0,4.1,3,XXL,Men,2025-05-13T14:37:08.236928
T-shirt 626,7777440.0,4.5,3,S,Women,2025-05-13T14:37:08.237542
Hoodie 627,1232320.0,3.2,3,M,Unisex,2025-05-13T14:37:08.237884
Pants 628,8113120.0,4.3,3,L,Men,2025-05-13T14:37:08.238242
Outerwear 629,3997920.0,4.4,3,XL,Women,2025-05-13T14:37:08.238709
Jacket 630,1003680.0,3.8,3,XXL,Unisex,2025-05-13T14:37:08.238963
T-shirt 632,4314240.0,3.6,3,M,Women,2025-05-13T14:37:08.239459
Hoodie 633,3128000.0,3.1,3,L,Unisex,2025-05-13T14:37:08.239714
Pants 634,8535680.0,3.9,3,XL,Men,2025-05-13T14:37:08.239991
Outerwear 635,6897120.0,4.1,3,XXL,Women,2025-05-13T14:37:08.240320
Jacket 636,3476320.0,4.5,3,S,Unisex,2025-05-13T14:37:08.240670
Crewneck 637,6030240.0,4.0,3,M,Men,2025-05-13T14:37:08.240952
T-shirt 638,5220960.0,4.6,3,L,Women,2025-05-13T14:37:08.241221
Hoodie 639,6782720.0,4.7,3,XL,Unisex,2025-05-13T14:37:08.241496
Pants 640,3038560.0,3.8,3,XXL,Men,2025-05-13T14:37:08.241824
Jacket 642,7747360.0,4.7,3,M,Unisex,2025-05-13T14:37:08.629659
Crewneck 643,6116000.0,3.2,3,L,Men,2025-05-13T14:37:08.629932
T-shirt 644,7479360.0,4.2,3,XL,Women,2025-05-13T14:37:08.630195
Hoodie 645,3285440.0,3.3,3,XXL,Unisex,2025-05-13T14:37:08.630483
Outerwear 647,4304960.0,3.8,3,M,Women,2025-05-13T14:37:08.631083
Jacket 648,8699520.0,4.5,3,L,Unisex,2025-05-13T14:37:08.631358
Crewneck 649,8588160.0,3.2,3,XL,Men,2025-05-13T14:37:08.631648
T-shirt 650,8012800.0,3.4,3,XXL,Women,2025-05-13T14:37:08.631902
Pants 652,6084960.0,3.3,3,M,Men,2025-05-13T14:37:08.632427
Outerwear 653,2622080.0,4.0,3,L,Women,2025-05-13T14:37:08.632744
Jacket 654,4089440.0,4.7,3,XL,Unisex,2025-05-13T14:37:08.633026
Crewneck 655,1834240.0,4.1,3,XXL,Men,2025-05-13T14:37:08.633381
T-shirt 656,2538720.0,4.2,3,S,Women,2025-05-13T14:37:08.633716
Hoodie 657,8459040.0,4.8,3,M,Unisex,2025-05-13T14:37:08.634018
Pants 658,6268320.0,3.8,3,L,Men,2025-05-13T14:37:08.634340
Outerwear 659,1817920.0,3.3,3,XL,Women,2025-05-13T14:37:08.634674
Jacket 660,8715200.0,3.5,3,XXL,Unisex,2025-05-13T14:37:08.634968
T-shirt 662,1422720.0,4.5,3,M,Women,2025-05-13T14:37:09.001798
Hoodie 663,7087200.0,4.0,3,L,Unisex,2025-05-13T14:37:09.002121
Pants 664,8248639.999999999,3.5,3,XL,Men,2025-05-13T14:37:09.002461
Outerwear 665,4033600.0,3.2,3,XXL,Women,2025-05-13T14:37:09.002801
Jacket 666,4844000.0,3.9,3,S,Unisex,2025-05-13T14:37:09.003139
Crewneck 667,1756640.0,3.7,3,M,Men,2025-05-13T14:37:09.003524
T-shirt 668,5044640.0,3.7,3,L,Women,2025-05-13T14:37:09.004437
Hoodie 669,2346080.0,3.3,3,XL,Unisex,2025-05-13T14:37:09.004882
Pants 670,8406720.0,4.8,3,XXL,Men,2025-05-13T14:37:09.005187
Jacket 672,4776160.0,4.5,3,M,Unisex,2025-05-13T14:37:09.005809
Crewneck 673,2803360.0,4.7,3,L,Men,2025-05-13T14:37:09.006127
T-shirt 674,3156640.0,3.1,3,XL,Women,2025-05-13T14:37:09.006466
Hoodie 675,4314880.0,3.2,3,XXL,Unisex,2025-05-13T14:37:09.010430
Outerwear 677,4657440.0,3.3,3,M,Women,2025-05-13T14:37:09.013108
Jacket 678,2777120.0,4.3,3,L,Unisex,2025-05-13T14:37:09.013450
Crewneck 679,6373120.0,3.2,3,XL,Men,2025-05-13T14:37:09.015760
T-shirt 680,8164800.0,3.2,3,XXL,Women,2025-05-13T14:37:09.016345
Pants 682,7616480.0,3.9,3,M,Men,2025-05-13T14:37:09.308865
Outerwear 683,3907360.0,3.6,3,L,Women,2025-05-13T14:37:09.309165
Jacket 684,7102560.0,3.5,3,XL,Unisex,2025-05-13T14:37:09.309519
Crewneck 685,1495840.0,4.6,3,XXL,Men,2025-05-13T14:37:09.310000
T-shirt 686,5381760.0,3.8,3,S,Women,2025-05-13T14:37:09.310309
Hoodie 687,4220800.0,4.7,3,M,Unisex,2025-05-13T14:37:09.310639
Pants 688,1487520.0,4.4,3,L,Men,2025-05-13T14:37:09.310979
Outerwear 689,1939040.0,4.6,3,XL,Women,2025-05-13T14:37:09.311312
Jacket 690,8782560.0,4.7,3,XXL,Unisex,2025-05-13T14:37:09.311740
T-shirt 692,1416480.0,4.1,3,M,Women,2025-05-13T14:37:09.312542
Hoodie 693,3031680.0,4.1,3,L,Unisex,2025-05-13T14:37:09.312847
Pants 694,2466720.0,3.4,3,XL,Men,2025-05-13T14:37:09.313087
Outerwear 695,959360.0,3.3,3,XXL,Women,2025-05-13T14:37:09.313319
Jacket 696,5146240.0,4.2,3,S,Unisex,2025-05-13T14:37:09.313668
Crewneck 697,6545120.0,5.0,3,M,Men,2025-05-13T14:37:09.314027
T-shirt 698,2444960.0,4.1,3,L,Women,2025-05-13T14:37:09.314306
Hoodie 699,5250240.0,4.5,3,XL,Unisex,2025-05-13T14:37:09.314598
Pants 700,3526560.0,4.3,3,XXL,Men,2025-05-13T14:37:09.314838
Jacket 702,4927680.0,4.3,3,M,Unisex,2025-05-13T14:37:09.599038
Crewneck 703,2949120.0,4.2,3,L,Men,2025-05-13T14:37:09.599466
T-shirt 704,6214240.0,4.1,3,XL,Women,2025-05-13T14:37:09.599834
Hoodie 705,3042880.0,3.1,3,XXL,Unisex,2025-05-13T14:37:09.600289
Outerwear 707,7746240.0,4.4,3,M,Women,2025-05-13T14:37:09.601016
Jacket 708,8541280.0,4.3,3,L,Unisex,2025-05-13T14:37:09.601343
Crewneck 709,7022400.0,3.9,3,XL,Men,2025-05-13T14:37:09.601715
T-shirt 710,3751520.0,3.2,3,XXL,Women,2025-05-13T14:37:09.602091
Pants 712,1510400.0,4.1,3,M,Men,2025-05-13T14:37:09.602868
Outerwear 713,3142880.0,4.4,3,L,Women,2025-05-13T14:37:09.603218
Jacket 714,892320.0,3.1,3,XL,Unisex,2025-05-13T14:37:09.603629
Crewneck 715,7021760.0,3.9,3,XXL,Men,2025-05-13T14:37:09.604218
T-shirt 716,3602560.0,4.9,3,S,Women,2025-05-13T14:37:09.604502
Hoodie 717,1532800.0,3.6,3,M,Unisex,2025-05-13T14:37:09.604750
Pants 718,4057120.0,3.2,3,L,Men,2025-05-13T14:37:09.604995
Outerwear 719,3172960.0,4.7,3,XL,Women,2025-05-13T14:37:09.605246
Jacket 720,2028320.0,3.8,3,XXL,Unisex,2025-05-13T14:37:09.605502
T-shirt 722,8724320.0,3.2,3,M,Women,2025-05-13T14:37:09.935774
Hoodie 723,5664800.0,3.4,3,L,Unisex,2025-05-13T14:37:09.936189
Pants 724,4824800.0,4.7,3,XL,Men,2025-05-13T14:37:09.936541
Outerwear 725,4979200.0,3.0,3,XXL,Women,2025-05-13T14:37:09.937007
Jacket 726,6345920.0,3.5,3,S,Unisex,2025-05-13T14:37:09.937427
Crewneck 727,4024000.0,4.8,3,M,Men,2025-05-13T14:37:09.937808
T-shirt 728,8173440.0,3.0,3,L,Women,2025-05-13T14:37:09.938224
Hoodie 729,6431360.0,3.6,3,XL,Unisex,2025-05-13T14:37:09.938553
Pants 730,7228800.0,4.5,3,XXL,Men,2025-05-13T14:37:09.938894
Jacket 732,6597600.0,3.9,3,M,Unisex,2025-05-13T14:37:09.939542
Crewneck 733,1162880.0,4.7,3,L,Men,2025-05-13T14:37:09.939875
T-shirt 734,6858560.0,4.2,3,XL,Women,2025-05-13T14:37:09.940200
Hoodie 735,4664320.0,4.0,3,XXL,Unisex,2025-05-13T14:37:09.940519
Outerwear 737,1015680.0,4.7,3,M,Women,2025-05-13T14:37:09.941290
Jacket 738,1893920.0,3.7,3,L,Unisex,2025-05-13T14:37:09.941579
Crewneck 739,8072960.0,3.3,3,XL,Men,2025-05-13T14:37:09.941882
T-shirt 740,7016640.0,3.4,3,XXL,Women,2025-05-13T14:37:09.942170
Pants 742,5626080.0,3.6,3,M,Men,2025-05-13T14:37:10.265903
Outerwear 743,5678080.0,3.0,3,L,Women,2025-05-13T14:37:10.266414
Jacket 744,5175680.0,4.1,3,XL,Unisex,2025-05-13T14:37:10.266822
Crewneck 745,2882560.0,3.8,3,XXL,Men,2025-05-13T14:37:10.267347
T-shirt 746,1517440.0,5.0,3,S,Women,2025-05-13T14:37:10.267786
Hoodie 747,6326880.0,4.7,3,M,Unisex,2025-05-13T14:37:10.268155
Pants 748,3134080.0,3.7,3,L,Men,2025-05-13T14:37:10.268530
Outerwear 749,2627360.0,3.2,3,XL,Women,2025-05-13T14:37:10.268956
Jacket 750,1030400.0000000001,3.7,3,XXL,Unisex,2025-05-13T14:37:10.269324
T-shirt 752,7431520.0,3.8,3,M,Women,2025-05-13T14:37:10.270029
Hoodie 753,8137600.0,4.8,3,L,Unisex,2025-05-13T14:37:10.270396
Pants 754,7229760.0,3.1,3,XL,Men,2025-05-13T14:37:10.270766
Outerwear 755,6910400.0,4.6,3,XXL,Women,2025-05-13T14:37:10.271084
Jacket 756,7128000.0,3.1,3,S,Unisex,2025-05-13T14:37:10.271409
Crewneck 757,7582720.0,4.4,3,M,Men,2025-05-13T14:37:10.271712
T-shirt 758,6025920.0,3.1,3,L,Women,2025-05-13T14:37:10.272022
Hoodie 759,2779840.0,4.7,3,XL,Unisex,2025-05-13T14:37:10.272341
Pants 760,2191040.0,4.1,3,XXL,Men,2025-05-13T14:37:10.272987
Jacket 762,4091840.0,4.9,3,M,Unisex,2025-05-13T14:37:10.630791
Crewneck 763,5792640.0,3.9,3,L,Men,2025-05-13T14:37:10.631165
T-shirt 764,7211680.0,3.4,3,XL,Women,2025-05-13T14:37:10.631533
Hoodie 765,1343360.0,4.9,3,XXL,Unisex,2025-05-13T14:37:10.631840
Outerwear 767,4152800.0,4.5,3,M,Women,2025-05-13T14:37:10.632569
Jacket 768,5662080.0,4.9,3,L,Unisex,2025-05-13T14:37:10.632873
Crewneck 769,6294560.0,3.3,3,XL,Men,2025-05-13T14:37:10.633203
T-shirt 770,1655040.0,3.5,3,XXL,Women,2025-05-13T14:37:10.633514
Pants 772,8748160.0,3.4,3,M,Men,2025-05-13T14:37:10.634269
Outerwear 773,3393600.0,3.2,3,L,Women,2025-05-13T14:37:10.634564
Jacket 774,1485760.0,4.1,3,XL,Unisex,2025-05-13T14:37:10.634906
Crewneck 775,8189440.0,3.1,3,XXL,Men,2025-05-13T14:37:10.635272
T-shirt 776,5333120.0,3.7,3,S,Women,2025-05-13T14:37:10.635658
Hoodie 777,6104800.0,3.4,3,M,Unisex,2025-05-13T14:37:10.635965
Pants 778,6034720.0,4.2,3,L,Men,2025-05-13T14:37:10.636316
Outerwear 779,5816480.0,3.2,3,XL,Women,2025-05-13T14:37:10.636587
Jacket 780,2767520.0,3.4,3,XXL,Unisex,2025-05-13T14:37:10.636849
T-shirt 782,4117439.9999999995,4.5,3,M,Women,2025-05-13T14:37:10.939051
Hoodie 783,2510720.0,3.0,3,L,Unisex,2025-05-13T14:37:10.939531
Pants 784,5341280.0,3.0,3,XL,Men,2025-05-13T14:37:10.940061
Outerwear 785,6444480.0,4.3,3,XXL,Women,2025-05-13T14:37:10.940510
Jacket 786,6749280.0,5.0,3,S,Unisex,2025-05-13T14:37:10.940992
Crewneck 787,4593600.0,4.7,3,M,Men,2025-05-13T14:37:10.941545
T-shirt 788,3041120.0,4.7,3,L,Women,2025-05-13T14:37:10.942049
Hoodie 789,2153280.0,4.0,3,XL,Unisex,2025-05-13T14:37:10.942483
Pants 790,1708320.0,3.2,3,XXL,Men,2025-05-13T14:37:10.942889
Jacket 792,4068960.0,3.8,3,M,Unisex,2025-05-13T14:37:10.943398
Crewneck 793,8650080.0,4.0,3,L,Men,2025-05-13T14:37:10.943774
T-shirt 794,5983040.0,4.0,3,XL,Women,2025-05-13T14:37:10.944512
Hoodie 795,4209600.0,3.9,3,XXL,Unisex,2025-05-13T14:37:10.945049
Outerwear 797,2771360.0,4.9,3,M,Women,2025-05-13T14:37:10.946230
Jacket 798,4391040.0,3.4,3,L,Unisex,2025-05-13T14:37:10.946714
Crewneck 799,4048800.0,4.2,3,XL,Men,2025-05-13T14:37:10.947027
T-shirt 800,7433280.0,4.6,3,XXL,Women,2025-05-13T14:37:10.947442
Pants 802,5710240.0,4.4,3,M,Men,2025-05-13T14:37:11.245507
Outerwear 803,1875360.0,4.3,3,L,Women,2025-05-13T14:37:11.245787
Jacket 804,4459040.0,3.9,3,XL,Unisex,2025-05-13T14:37:11.246053
Crewneck 805,3266720.0,4.8,3,XXL,Men,2025-05-13T14:37:11.246310
T-shirt 806,7310560.0,3.0,3,S,Women,2025-05-13T14:37:11.246568
Hoodie 807,5016000.0,4.7,3,M,Unisex,2025-05-13T14:37:11.252239
Pants 808,8717760.0,3.2,3,L,Men,2025-05-13T14:37:11.252568
Outerwear 809,7162560.0,3.7,3,XL,Women,2025-05-13T14:37:11.252838
Jacket 810,3796640.0,4.8,3,XXL,Unisex,2025-05-13T14:37:11.253085
T-shirt 812,6406080.0,4.2,3,M,Women,2025-05-13T14:37:11.253559
Hoodie 813,4872800.0,5.0,3,L,Unisex,2025-05-13T14:37:11.253798
Pants 814,1110080.0,4.7,3,XL,Men,2025-05-13T14:37:11.254031
Outerwear 815,5985440.0,4.8,3,XXL,Women,2025-05-13T14:37:11.254262
Jacket 816,1649120.0,4.5,3,S,Unisex,2025-05-13T14:37:11.254491
Crewneck 817,8744160.0,4.4,3,M,Men,2025-05-13T14:37:11.254901
T-shirt 818,5160320.0,3.8,3,L,Women,2025-05-13T14:37:11.255146
Hoodie 819,4742400.0,4.7,3,XL,Unisex,2025-05-13T14:37:11.255376
Pants 820,6030720.0,3.4,3,XXL,Men,2025-05-13T14:37:11.255654
Jacket 822,838240.0,4.2,3,M,Unisex,2025-05-13T14:37:11.569456
Crewneck 823,6103520.0,4.7,3,L,Men,2025-05-13T14:37:11.569873
T-shirt 824,3301440.0,4.1,3,XL,Women,2025-05-13T14:37:11.570314
Hoodie 825,1058400.0,3.8,3,XXL,Unisex,2025-05-13T14:37:11.570715
Outerwear 827,7091040.0,4.8,3,M,Women,2025-05-13T14:37:11.571607
Jacket 828,2324000.0,4.6,3,L,Unisex,2025-05-13T14:37:11.571971
Crewneck 829,4630400.0,4.4,3,XL,Men,2025-05-13T14:37:11.572336
T-shirt 830,4496480.0,3.0,3,XXL,Women,2025-05-13T14:37:11.572667
Pants 832,3955360.0,4.6,3,M,Men,2025-05-13T14:37:11.573392
Outerwear 833,7101280.0,3.0,3,L,Women,2025-05-13T14:37:11.573739
Jacket 834,7223680.0,3.1,3,XL,Unisex,2025-05-13T14:37:11.574148
Crewneck 835,7143360.0,3.9,3,XXL,Men,2025-05-13T14:37:11.574478
T-shirt 836,6065440.0,4.1,3,S,Women,2025-05-13T14:37:11.574793
Hoodie 837,5532640.0,5.0,3,M,Unisex,2025-05-13T14:37:11.575410
Pants 838,2848800.0,3.1,3,L,Men,2025-05-13T14:37:11.575810
Outerwear 839,4208320.0,3.9,3,XL,Women,2025-05-13T14:37:11.576167
Jacket 840,8164640.0,3.6,3,XXL,Unisex,2025-05-13T14:37:11.576553
T-shirt 842,2859040.0,3.3,3,M,Women,2025-05-13T14:37:11.886420
Hoodie 843,2997120.0,3.6,3,L,Unisex,2025-05-13T14:37:11.886711
Pants 844,7422880.0,3.9,3,XL,Men,2025-05-13T14:37:11.886989
Outerwear 845,2023200.0,3.2,3,XXL,Women,2025-05-13T14:37:11.887369
Jacket 846,7480480.0,3.6,3,S,Unisex,2025-05-13T14:37:11.887745
Crewneck 847,4789920.0,3.7,3,M,Men,2025-05-13T14:37:11.888093
T-shirt 848,6134240.0,4.1,3,L,Women,2025-05-13T14:37:11.888498
Hoodie 849,7816160.0,3.5,3,XL,Unisex,2025-05-13T14:37:11.888790
Pants 850,4144160.0,4.2,3,XXL,Men,2025-05-13T14:37:11.889048
Jacket 852,2777280.0,4.1,3,M,Unisex,2025-05-13T14:37:11.890029
Crewneck 853,2643840.0,3.4,3,L,Men,2025-05-13T14:37:11.890429
T-shirt 854,1600000.0,4.5,3,XL,Women,2025-05-13T14:37:11.890756
Hoodie 855,3249760.0,5.0,3,XXL,Unisex,2025-05-13T14:37:11.891042
Outerwear 857,4532800.0,3.0,3,M,Women,2025-05-13T14:37:11.891711
Jacket 858,3748640.0,3.7,3,L,Unisex,2025-05-13T14:37:11.892005
Crewneck 859,6418560.0,3.0,3,XL,Men,2025-05-13T14:37:11.892300
T-shirt 860,2419360.0,4.7,3,XXL,Women,2025-05-13T14:37:11.892685
Pants 862,4131359.9999999995,3.3,3,M,Men,2025-05-13T14:37:12.273555
Outerwear 863,1071360.0,4.0,3,L,Women,2025-05-13T14:37:12.274137
Jacket 864,2168000.0,4.5,3,XL,Unisex,2025-05-13T14:37:12.274792
Crewneck 865,6805120.0,3.9,3,XXL,Men,2025-05-13T14:37:12.276059
T-shirt 866,2399040.0,3.2,3,S,Women,2025-05-13T14:37:12.276694
Hoodie 867,1303840.0,3.3,3,M,Unisex,2025-05-13T14:37:12.277865
Pants 868,7473760.0,4.6,3,L,Men,2025-05-13T14:37:12.278209
Outerwear 869,6040320.0,4.5,3,XL,Women,2025-05-13T14:37:12.278461
Jacket 870,6395040.0,3.5,3,XXL,Unisex,2025-05-13T14:37:12.278686
T-shirt 872,1343680.0,4.3,3,M,Women,2025-05-13T14:37:12.279119
Hoodie 873,8321600.0,4.8,3,L,Unisex,2025-05-13T14:37:12.279342
Pants 874,2755200.0,4.4,3,XL,Men,2025-05-13T14:37:12.279555
Outerwear 875,2506720.0,4.6,3,XXL,Women,2025-05-13T14:37:12.279765
Jacket 876,3225760.0,4.6,3,S,Unisex,2025-05-13T14:37:12.279972
Crewneck 877,4552640.0,4.6,3,M,Men,2025-05-13T14:37:12.280989
T-shirt 878,4809760.0,4.7,3,L,Women,2025-05-13T14:37:12.281423
Hoodie 879,1026880.0000000001,3.1,3,XL,Unisex,2025-05-13T14:37:12.282318
Pants 880,6497760.0,4.3,3,XXL,Men,2025-05-13T14:37:12.284487
Jacket 882,6420960.0,3.3,3,M,Unisex,2025-05-13T14:37:12.589469
Crewneck 883,5901120.0,3.6,3,L,Men,2025-05-13T14:37:12.589829
T-shirt 884,7414720.0,4.3,3,XL,Women,2025-05-13T14:37:12.590191
Hoodie 885,4760640.0,3.4,3,XXL,Unisex,2025-05-13T14:37:12.590501
Outerwear 887,7806400.0,3.8,3,M,Women,2025-05-13T14:37:12.591225
Jacket 888,7869280.0,4.2,3,L,Unisex,2025-05-13T14:37:12.591513
Crewneck 889,6333920.0,4.6,3,XL,Men,2025-05-13T14:37:12.591853
T-shirt 890,6439040.0,4.7,3,XXL,Women,2025-05-13T14:37:12.592248
Pants 892,8515360.0,4.4,3,M,Men,2025-05-13T14:37:12.592975
Outerwear 893,2673600.0,3.2,3,L,Women,2025-05-13T14:37:12.593254
Jacket 894,2946560.0,4.8,3,XL,Unisex,2025-05-13T14:37:12.593531
Crewneck 895,1126720.0,4.3,3,XXL,Men,2025-05-13T14:37:12.593921
T-shirt 896,7873760.0,4.9,3,S,Women,2025-05-13T14:37:12.594257
Hoodie 897,6077920.0,3.1,3,M,Unisex,2025-05-13T14:37:12.594747
Pants 898,8408640.0,4.1,3,L,Men,2025-05-13T14:37:12.601430
Outerwear 899,6192960.0,4.8,3,XL,Women,2025-05-13T14:37:12.601879
Jacket 900,7214240.0,3.3,3,XXL,Unisex,2025-05-13T14:37:12.602295
T-shirt 902,3164000.0,3.6,3,M,Women,2025-05-13T14:37:12.971104
Hoodie 903,2617920.0,4.1,3,L,Unisex,2025-05-13T14:37:12.972360
Pants 904,3356320.0,3.9,3,XL,Men,2025-05-13T14:37:12.973764
Outerwear 905,5027840.0,4.9,3,XXL,Women,2025-05-13T14:37:12.974180
Jacket 906,4301760.0,3.9,3,S,Unisex,2025-05-13T14:37:12.974533
Crewneck 907,8732640.0,4.9,3,M,Men,2025-05-13T14:37:12.974868
T-shirt 908,7954880.0,4.2,3,L,Women,2025-05-13T14:37:12.975236
Hoodie 909,8383840.0,3.6,3,XL,Unisex,2025-05-13T14:37:12.975572
Pants 910,2395200.0,4.7,3,XXL,Men,2025-05-13T14:37:12.975902
Jacket 912,7853280.0,4.9,3,M,Unisex,2025-05-13T14:37:12.976596
Crewneck 913,3222240.0,3.5,3,L,Men,2025-05-13T14:37:12.976925
T-shirt 914,5799200.0,4.6,3,XL,Women,2025-05-13T14:37:12.977292
Hoodie 915,2649120.0,4.2,3,XXL,Unisex,2025-05-13T14:37:12.977627
Outerwear 917,6061600.0,4.0,3,M,Women,2025-05-13T14:37:12.978601
Jacket 918,5380800.0,3.3,3,L,Unisex,2025-05-13T14:37:12.978978
Crewneck 919,8364000.0,4.7,3,XL,Men,2025-05-13T14:37:12.979383
T-shirt 920,3706080.0,3.2,3,XXL,Women,2025-05-13T14:37:12.979739
Pants 922,1210880.0,4.4,3,M,Men,2025-05-13T14:37:13.596230
Outerwear 923,2435840.0,3.7,3,L,Women,2025-05-13T14:37:13.596504
Jacket 924,3764320.0,3.8,3,XL,Unisex,2025-05-13T14:37:13.596909
Crewneck 925,7900800.0,4.5,3,XXL,Men,2025-05-13T14:37:13.597207
T-shirt 926,1911040.0,4.6,3,S,Women,2025-05-13T14:37:13.597479
Hoodie 927,7706400.0,3.5,3,M,Unisex,2025-05-13T14:37:13.597743
Pants 928,3911680.0,3.4,3,L,Men,2025-05-13T14:37:13.598121
Outerwear 929,1253440.0,3.3,3,XL,Women,2025-05-13T14:37:13.598560
Jacket 930,1741120.0,4.9,3,XXL,Unisex,2025-05-13T14:37:13.598882
T-shirt 932,5937600.0,4.2,3,M,Women,2025-05-13T14:37:13.599530
Hoodie 933,4960800.0,3.4,3,L,Unisex,2025-05-13T14:37:13.599817
Pants 934,2248160.0,3.6,3,XL,Men,2025-05-13T14:37:13.600146
Outerwear 935,6048000.0,4.1,3,XXL,Women,2025-05-13T14:37:13.600437
Jacket 936,6165440.0,3.1,3,S,Unisex,2025-05-13T14:37:13.600725
Crewneck 937,2475360.0,4.1,3,M,Men,2025-05-13T14:37:13.601108
T-shirt 938,4058400.0,3.6,3,L,Women,2025-05-13T14:37:13.601446
Hoodie 939,4466080.0,4.8,3,XL,Unisex,2025-05-13T14:37:13.602062
Pants 940,5776000.0,3.7,3,XXL,Men,2025-05-13T14:37:13.602408
Jacket 942,7972960.0,3.0,3,M,Unisex,2025-05-13T14:37:13.867667
Crewneck 943,4571040.0,4.4,3,L,Men,2025-05-13T14:37:13.867984
T-shirt 944,1578240.0,4.6,3,XL,Women,2025-05-13T14:37:13.868298
Hoodie 945,2107680.0,4.2,3,XXL,Unisex,2025-05-13T14:37:13.868752
Outerwear 947,7079680.0,4.6,3,M,Women,2025-05-13T14:37:13.869637
Jacket 948,4600480.0,3.9,3,L,Unisex,2025-05-13T14:37:13.870028
Crewneck 949,1844320.0,4.4,3,XL,Men,2025-05-13T14:37:13.870389
T-shirt 950,7691680.0,4.9,3,XXL,Women,2025-05-13T14:37:13.870827
Pants 952,7155040.0,3.7,3,M,Men,2025-05-13T14:37:13.871611
Outerwear 953,8423200.0,3.8,3,L,Women,2025-05-13T14:37:13.872487
Jacket 954,3878720.0,4.1,3,XL,Unisex,2025-05-13T14:37:13.873366
Crewneck 955,7006560.0,4.7,3,XXL,Men,2025-05-13T14:37:13.873815
T-shirt 956,4457600.0,3.1,3,S,Women,2025-05-13T14:37:13.874612
Hoodie 957,4024320.0,4.4,3,M,Unisex,2025-05-13T14:37:13.875423
Pants 958,3946240.0,4.8,3,L,Men,2025-05-13T14:37:13.876216
Outerwear 959,6828480.0,4.6,3,XL,Women,2025-05-13T14:37:13.876700
Jacket 960,5840160.0,4.5,3,XXL,Unisex,2025-05-13T14:37:13.877468
T-shirt 962,2887840.0,4.1,3,M,Women,2025-05-13T14:37:14.184125
Hoodie 963,7916160.0,4.6,3,L,Unisex,2025-05-13T14:37:14.184467
Pants 964,3885280.0,3.3,3,XL,Men,2025-05-13T14:37:14.184764
Outerwear 965,3107200.0,4.5,3,XXL,Women,2025-05-13T14:37:14.185057
Jacket 966,8499520.0,4.9,3,S,Unisex,2025-05-13T14:37:14.185359
Crewneck 967,1744000.0,3.5,3,M,Men,2025-05-13T14:37:14.185644
T-shirt 968,4045120.0,4.4,3,L,Women,2025-05-13T14:37:14.185935
Hoodie 969,4231840.0,3.8,3,XL,Unisex,2025-05-13T14:37:14.186230
Pants 970,952960.0,4.6,3,XXL,Men,2025-05-13T14:37:14.186514
Jacket 972,7272000.0,4.4,3,M,Unisex,2025-05-13T14:37:14.187086
Crewneck 973,7134400.0,3.9,3,L,Men,2025-05-13T14:37:14.187388
T-shirt 974,4769280.0,3.0,3,XL,Women,2025-05-13T14:37:14.187712
Hoodie 975,4816000.0,3.6,3,XXL,Unisex,2025-05-13T14:37:14.187997
Outerwear 977,3356000.0,3.6,3,M,Women,2025-05-13T14:37:14.188671
Jacket 978,3918240.0,3.6,3,L,Unisex,2025-05-13T14:37:14.188955
Crewneck 979,4848480.0,3.4,3,XL,Men,2025-05-13T14:37:14.189255
T-shirt 980,6544000.0,3.1,3,XXL,Women,2025-05-13T14:37:14.189541
Pants 982,7281760.0,4.9,3,M,Men,2025-05-13T14:37:14.455193
Outerwear 983,5762560.0,3.2,3,L,Women,2025-05-13T14:37:14.455511
Jacket 984,7349440.0,3.8,3,XL,Unisex,2025-05-13T14:37:14.455839
Crewneck 985,6236000.0,4.3,3,XXL,Men,2025-05-13T14:37:14.456279
T-shirt 986,6713760.0,4.5,3,S,Women,2025-05-13T14:37:14.457358
Hoodie 987,4008000.0,4.7,3,M,Unisex,2025-05-13T14:37:14.457920
Pants 988,2054239.9999999998,3.5,3,L,Men,2025-05-13T14:37:14.463184
Outerwear 989,6869440.0,4.2,3,XL,Women,2025-05-13T14:37:14.466170
Jacket 990,3327360.0,4.2,3,XXL,Unisex,2025-05-13T14:37:14.469995
T-shirt 992,4840480.0,4.9,3,M,Women,2025-05-13T14:37:14.470680
Hoodie 993,6361920.0,3.4,3,L,Unisex,2025-05-13T14:37:14.470997
Pants 994,1693760.0,4.4,3,XL,Men,2025-05-13T14:37:14.471327
Outerwear 995,8046720.0,3.2,3,XXL,Women,2025-05-13T14:37:14.471841
Jacket 996,6942400.0,4.3,3,S,Unisex,2025-05-13T14:37:14.472103
Crewneck 997,5321280.0,3.9,3,M,Men,2025-05-13T14:37:14.472331
T-shirt 998,908000.0,4.2,3,L,Women,2025-05-13T14:37:14.472598
Hoodie 999,8534240.0,4.8,3,XL,Unisex,2025-05-13T14:37:14.472845
Pants 1000,2938240.0,4.7,3,XXL,Men,2025-05-13T14:37:14.473100
